PLAYER,Dacc,DD,GIR,SGpp,SCR,R1,R2,R3,R4,TOT,SGttg,SGott,SGapr,SGarg
Webb Simpson,82.14,280.5,76.39,2.342,64.71,66,63,68,73,270,1.433,0.367,-0.181,1.247
Jason Dufner,80.36,298.5,66.67,1.864,70.83,72,69,66,68,275,0.662,1.023,0.214,-0.575
Beau Hossler,80.36,297.8,73.61,-1.78,57.89,70,69,73,71,283,2.305,1.053,0.539,0.713
C.T. Pan,78.57,286.8,70.83,0.41,52.38,68,70,76,69,283,0.116,0.378,-0.007,-0.256
Henrik Stenson,76.79,282.4,83.33,0.279,66.67,68,70,71,70,279,1.246,0.387,0.523,0.336
Richy Werenski,76.79,283.6,80.56,0.222,50,70,71,68,70,279,1.303,0.754,1.149,-0.6
Ryan Moore,75,281.5,75,-1.603,55.56,71,70,73,66,280,2.878,0.375,1.656,0.847
Alex Noren,73.21,284.4,72.22,0.666,65,66,69,77,66,278,1.109,0.255,0.845,0.01
Ted Potter Jr.,73.21,282.1,68.06,1.044,65.22,70,70,72,70,282,-0.269,0.069,-1.328,0.99
Chez Reavie,73.21,282.9,66.67,1.923,62.5,71,71,69,69,280,-0.648,0.136,0.432,-1.216
Justin Rose,73.21,300,66.67,0.182,54.17,68,72,73,66,279,1.344,0.644,0.366,0.333
Keegan Bradley,71.43,288.5,66.67,0.832,58.33,69,69,72,66,276,1.443,-0.349,1.634,0.158
Adam Hadwin,71.43,293.4,70.83,0.47,52.38,72,68,71,73,284,-0.195,0.802,0.002,-0.999
Bryson DeChambeau,69.64,293.8,68.06,0.003,60.87,70,67,73,71,281,1.023,0.539,0.189,0.295
Charles Howell III,69.64,303.4,70.83,1.186,66.67,68,67,74,69,278,0.589,0.117,0.347,0.125
Mackenzie Hughes,69.64,292.6,68.06,0.17,47.83,76,67,68,73,284,0.105,0.305,1.025,-1.226
Chris Kirk,69.64,287,76.39,-0.556,70.59,70,71,70,72,283,1.081,-0.135,0.634,0.583
Matt Fitzpatrick,67.86,288.1,76.39,0.425,52.94,72,70,70,71,283,0.1,-0.085,0.408,-0.222
Tommy Fleetwood,67.86,290.9,75,1.032,44.44,69,71,68,68,276,1.243,-0.08,1.05,0.273
Brice Garnett,67.86,287.6,72.22,0.06,50,69,69,73,71,282,0.715,0.664,0.042,0.009
J.J. Henry,67.86,289.1,75,-1.118,44.44,72,71,69,75,287,0.643,0.353,0.169,0.121
Matt Kuchar,67.86,284.9,75,0.321,50,66,71,71,70,278,1.454,-0.027,1.096,0.384
Andrew Landry,67.86,291,63.89,1.198,61.54,67,75,71,74,287,-1.673,0.393,-1.289,-0.776
Ryan Palmer,67.86,285.1,66.67,1.2,66.67,74,67,69,69,279,0.325,0.383,-0.109,0.051
Charl Schwartzel,67.86,299.3,77.78,0.805,75,68,66,73,67,274,1.971,0.76,1.234,-0.023
Jimmy Walker,67.86,303.3,68.06,1.02,69.57,69,68,70,67,274,1.755,0.442,0.532,0.781
Rafa Cabrera Bello,66.07,293.9,70.83,0.243,42.86,71,71,67,69,278,1.533,0.758,0.51,0.264
Emiliano Grillo,66.07,287.6,68.06,0.322,52.17,69,71,72,69,281,0.703,-0.454,1.237,-0.08
Chesson Hadley,66.07,301.1,65.28,1.751,56,66,69,75,67,277,0.275,-0.038,0.802,-0.489
Si Woo Kim,66.07,290.3,69.44,-0.378,40.91,67,72,74,72,285,0.403,0.594,-0.868,0.677
Martin Laird,66.07,293.4,65.28,1.302,44,72,71,70,71,284,-1.027,0.126,-0.3,-0.853
Grayson Murray,66.07,302,69.44,0.181,68.18,72,68,69,71,280,1.095,1.322,-0.408,0.181
Xander Schauffele,66.07,292.4,72.22,-0.307,75,68,68,71,67,274,3.082,0.095,1.373,1.614
Nick Watney,66.07,304.4,70.83,0.67,52.38,70,72,72,67,281,0.356,0.074,0.335,-0.053
Billy Horschel,64.29,292.5,62.5,1.223,59.26,68,70,73,70,281,-0.198,0.469,-0.116,-0.55
Dustin Johnson,64.29,313.3,72.22,0.456,65,66,71,69,72,278,1.32,0.951,-0.099,0.468
Brooks Koepka,64.29,308.9,73.61,0.457,78.95,70,70,74,63,277,1.569,0.795,0.645,0.128
Jordan Spieth,64.29,296.5,72.22,-0.36,55,75,68,65,74,282,1.135,0.571,0.107,0.456
Steve Stricker,64.29,285.6,79.17,0.255,26.67,67,69,73,70,279,1.27,-0.032,1.199,0.104
Harold Varner III,64.29,293.4,65.28,1.742,52,71,67,70,68,276,0.534,0.436,-0.323,0.421
Kiradech Aphibarnrat,62.5,292.1,58.33,1.366,76.67,71,71,71,67,280,-0.091,0.455,-1.159,0.614
Daniel Berger,62.5,290.5,76.39,-0.472,41.18,74,68,72,70,284,0.747,-0.854,1.886,-0.285
Scott Brown,62.5,283.6,75,0.814,44.44,70,71,69,69,279,0.711,-0.625,1.291,0.045
Ian Poulter,62.5,281.9,68.06,1.452,69.57,70,69,69,69,277,0.573,-0.075,-0.028,0.676
Jon Rahm,62.5,304.1,75,-1.538,50,68,70,77,70,285,1.563,0.631,0.581,0.35
Rory Sabbatini,62.5,281.9,68.06,0.297,56.52,67,71,71,71,280,0.978,0.634,0.09,0.254
Adam Scott,62.5,305.5,72.22,0.59,80,69,68,72,68,277,1.435,0.392,0.736,0.306
Chris Stroud,62.5,288.9,59.72,0.183,72.41,70,70,72,71,283,0.342,-0.564,0.914,-0.008
Tiger Woods,62.5,297.3,69.44,1.02,63.64,72,71,65,69,277,1.005,0.143,0.177,0.685
Patrick Cantlay,60.71,297.6,72.22,-0.657,50,66,68,74,71,279,2.182,0.547,-0.089,1.724
Danny Lee,60.71,286.5,65.28,1.428,76,68,66,70,72,276,0.847,-0.499,0.994,0.352
Kevin Na,60.71,288.6,68.06,0.046,39.13,69,71,72,71,283,0.479,-0.487,0.237,0.728
Patrick Reed,60.71,285.9,68.06,-0.128,69.57,72,68,70,72,282,0.903,0.157,0.678,0.068
Jhonattan Vegas,60.71,291.9,73.61,0.367,47.37,67,72,70,73,282,0.409,0.421,0.683,-0.695
Byeong Hun An,58.93,303.9,70.83,0.178,66.67,71,70,69,70,280,1.097,0.613,0.271,0.213
Jason Day,58.93,308.3,69.44,0.828,77.27,69,67,71,68,275,1.697,0.761,0.173,0.764
Tony Finau,58.93,307.6,76.39,0.151,47.06,70,72,71,71,284,0.124,0.229,0.415,-0.52
Cody Gribble,58.93,297.5,73.61,1.309,52.63,68,71,72,69,280,-0.034,-0.016,0.058,-0.076
Bubba Watson,58.93,304.4,68.06,-0.224,56.52,68,71,73,72,284,0.5,0.308,-0.035,0.226
Ross Fisher,57.14,294.8,72.22,0.212,45,70,73,73,73,289,-1.187,-1.51,0.256,0.068
Sergio Garcia,57.14,290.5,65.28,-0.159,56,68,69,75,76,288,-0.566,-0.889,0.396,-0.072
Jamie Lovemark,57.14,300.9,66.67,-0.162,58.33,76,67,68,67,278,1.937,0.56,0.484,0.893
Shane Lowry,57.14,300,69.44,1.477,63.64,75,68,69,71,283,-0.952,-0.684,-0.883,0.615
Justin Thomas,55.36,298.1,63.89,0.244,69.23,73,70,68,66,277,1.782,0.255,0.441,1.086
Austin Cook,53.57,284.9,66.67,1.306,45.83,72,70,71,70,283,-0.781,-0.874,0.79,-0.697
Marc Leishman,53.57,286.8,65.28,-1.333,56,71,71,67,76,285,1.358,-0.345,0.718,0.985
Tyrone Van Aswegen,53.57,294.4,63.89,0.97,53.85,74,68,70,74,286,-1.195,-1.161,-0.198,0.165
Branden Grace,51.79,290.6,75,0.435,55.56,69,71,73,70,283,0.091,-0.459,0.453,0.097
Brandon Harkins,51.79,300.8,70.83,-1.192,47.62,75,68,73,71,287,0.717,-0.567,1.504,-0.22
Jason Kokrak,50,304,68.06,-0.405,52.17,72,69,71,71,283,0.931,0.036,1.2,-0.305
Kevin Tway,44.64,303.3,70.83,-0.111,66.67,70,72,72,69,283,0.636,-0.957,0.741,0.852
Brian Gay,82.14,244.6,56.94,1.194,61.29,76,67,68,75,286,-1.213,-0.686,-1.111,0.584
Kevin Kisner,82.14,278.8,75,0.539,33.33,68,68,71,73,280,0.942,0.763,0.211,-0.033
Jim Furyk,78.57,271.3,68.06,1.05,69.57,71,64,71,67,273,2.181,0.124,1.196,0.861
Webb Simpson,78.57,279.8,65.28,1.071,76,70,70,70,68,278,0.91,0.554,0.418,-0.062
Corey Conners,76.79,293.9,77.78,-1.467,50,72,70,68,74,284,1.948,1.053,1.094,-0.199
Abraham Ancer,75,289.3,70.83,0.21,57.14,69,66,70,72,277,2.022,0.928,0.93,0.163
Bryson DeChambeau,75,295,68.06,1.169,56.52,70,69,69,71,279,0.562,1.319,-0.336,-0.421
Russell Knox,75,285.3,70.83,-0.674,52.38,70,68,73,72,283,1.405,0.767,1.028,-0.389
Louis Oosthuizen,75,285.6,68.06,-1.311,65.22,73,70,73,70,286,1.292,1.065,-0.558,0.784
Vaughn Taylor,73.21,271.9,63.89,2.019,65.38,67,70,71,76,284,-1.538,-0.507,-0.943,-0.088
Daniel Berger,71.43,291.1,65.28,-0.018,56,75,68,70,74,287,-0.251,0.881,-0.667,-0.465
Emiliano Grillo,71.43,282.4,66.67,0.349,62.5,70,72,73,66,281,0.882,0.612,0.689,-0.419
Keegan Bradley,69.64,294.5,76.39,-0.343,70.59,65,73,68,72,278,2.325,0.205,2.083,0.037
Joel Dahmen,69.64,279.4,70.83,0.428,71.43,69,71,67,70,277,1.803,0.46,1.087,0.255
Brian Harman,69.64,287.4,73.61,1.166,68.42,66,69,71,70,276,1.315,0.716,0.531,0.068
Matt Kuchar,69.64,278.1,81.94,-1.673,69.23,69,70,72,70,281,2.904,0.62,1.886,0.399
Gary Woodland,69.64,308.9,63.89,-0.495,76.92,72,69,73,68,282,1.476,1.121,-0.711,1.066
Chris Kirk,67.86,283.5,72.22,-1.062,40,74,69,72,71,286,1.043,0.663,-0.103,0.483
Ian Poulter,67.86,281.9,66.67,-0.059,50,69,66,75,76,286,0.04,0.455,-0.935,0.52
Rory Sabbatini,67.86,278.1,68.06,0.156,56.52,68,69,74,72,283,0.575,0.257,-0.461,0.778
Michael Thompson,67.86,283.3,59.72,0.447,55.17,69,71,72,76,288,-0.966,-0.425,-0.116,-0.425
Tiger Woods,67.86,291,72.22,0.254,55,70,71,72,69,282,0.727,1.148,-1.005,0.584
Lucas Bjerregaard,66.07,293.9,65.28,1.616,68,70,70,70,72,282,-0.635,0.907,-0.718,-0.824
Tony Finau,66.07,296,65.28,1.406,68,69,71,68,72,280,0.075,0.856,-0.124,-0.658
Tommy Fleetwood,66.07,290.6,70.83,0.429,61.9,65,67,70,73,275,2.303,1.815,0.187,0.3
Brice Garnett,66.07,279.3,59.72,0.844,65.52,71,69,73,70,283,-0.113,0.291,-0.44,0.036
Hideki Matsuyama,66.07,291.6,69.44,0.67,77.27,71,72,66,67,276,1.811,0.425,1.382,0.005
C.T. Pan,66.07,280.3,72.22,-1.159,50,72,70,74,76,292,-0.361,0.406,-1.195,0.428
J.T. Poston,66.07,288.5,70.83,0.709,71.43,68,69,73,70,280,0.772,0.358,0.514,-0.1
Jhonattan Vegas,66.07,287,75,1.28,66.67,72,69,67,66,274,1.701,0.706,0.295,0.701
Jason Day,64.29,296.8,72.22,1.17,65,70,66,68,72,276,1.311,0.989,0.319,0.003
Sung Kang,64.29,289,69.44,0.738,31.82,73,66,74,72,285,-0.508,-0.09,0.656,-1.073
Scott Langley,64.29,271.3,56.94,0.467,61.29,69,72,75,71,287,-0.737,-0.622,-0.567,0.453
Luke List,64.29,305.8,70.83,-0.492,42.86,69,68,75,74,286,0.473,0.342,0.24,-0.109
Ryan Moore,64.29,275.4,66.67,0.64,62.5,67,74,69,69,279,1.091,-0.459,0.379,1.171
Richy Werenski,64.29,281.4,66.67,0.373,50,72,71,68,74,285,-0.142,-1.324,0.897,0.285
Byeong Hun An,62.5,303.8,63.89,-0.366,61.54,66,71,73,71,281,1.597,1.027,0.092,0.479
Matt Fitzpatrick,62.5,279.6,66.67,0.817,45.83,70,71,72,71,284,-0.336,0.056,0.207,-0.6
Sergio Garcia,62.5,293.5,69.44,0.897,54.55,69,70,74,67,280,0.584,0.589,0.482,-0.487
Eddie Pepperell,62.5,272.4,66.67,1.316,70.83,72,68,68,66,274,1.665,-0.286,0.538,1.413
Scott Piercy,62.5,283.9,68.06,-0.279,60.87,74,68,72,72,286,0.26,0.055,-0.799,1.003
Adam Scott,62.5,293.4,69.44,0.647,72.73,70,69,68,70,277,1.584,0.659,0.024,0.901
Brandt Snedeker,62.5,282.8,81.94,0.438,38.46,69,72,65,69,275,2.293,0.218,1.23,0.845
Si Woo Kim,60.71,281.3,65.28,-0.144,56,73,68,72,73,286,0.125,-0.168,-0.087,0.38
Kelly Kraft,60.71,276.1,75,-0.336,44.44,73,70,71,71,285,0.567,-1.03,1.599,-0.003
Denny McCarthy,60.71,287,66.67,1.502,62.5,69,72,72,71,284,-1.022,-0.015,-1.119,0.113
Martin Trainer,60.71,291.8,59.72,0.287,68.97,73,69,72,70,284,0.194,-0.07,-0.781,1.044
Bud Cauley,58.93,285.3,68.06,-0.03,60.87,69,70,76,70,285,0.261,-0.83,0.962,0.128
Tom Hoge,58.93,282,66.67,1.169,62.5,69,71,70,72,282,-0.188,-0.488,0.685,-0.385
Martin Kaymer,58.93,285.5,66.67,-1.081,50,71,69,73,78,291,-0.188,-0.606,0.475,-0.057
Rory McIlroy,58.93,305,80.56,0.166,57.14,67,65,70,70,272,3.316,1.327,1.62,0.368
Justin Rose,58.93,289.4,63.89,1.078,76.92,74,66,68,68,276,1.403,0.34,0.944,0.119
Cameron Smith,58.93,286.6,59.72,0.625,75.86,72,70,73,71,286,-0.644,-0.504,0.145,-0.286
Justin Thomas,58.93,294.6,62.5,-0.128,44.44,71,72,70,70,283,0.859,0.382,-0.104,0.581
Andrew Landry,57.14,276.5,65.28,-0.096,68,73,68,73,71,285,0.327,-0.3,0.82,-0.192
Ollie Schniederjans,57.14,320.1,72.22,0.753,60,71,70,65,72,278,1.229,0.679,0.386,0.164
Matt Wallace,57.14,295.4,70.83,0.425,85.71,69,73,70,70,282,0.557,0.167,0.296,0.093
Dustin Johnson,55.36,306.8,76.39,-0.014,58.82,69,68,69,69,275,2.745,0.149,2.402,0.194
Brooks Koepka,55.36,299.9,56.94,0.413,58.06,72,71,73,70,286,-0.432,-0.224,-0.631,0.423
Francesco Molinari,55.36,287.5,68.06,0.25,56.52,72,70,72,72,286,-0.269,-0.445,-0.423,0.599
Jon Rahm,55.36,302.4,72.22,0.436,50,69,68,64,76,277,1.795,0.782,1.719,-0.706
Patrick Reed,55.36,288.8,62.5,-0.859,62.96,69,69,69,78,285,1.09,0.355,-0.266,1.001
Jimmy Walker,55.36,297.1,59.72,-0.1,51.72,75,68,73,71,287,-0.169,0.359,0.016,-0.543
Billy Horschel,53.57,287.9,66.67,1.744,66.67,69,70,73,69,281,-0.513,-1.123,1.013,-0.403
Charles Howell III,51.79,288.3,70.83,0.526,47.62,69,70,75,69,283,0.205,-0.063,0.264,0.004
Jason Kokrak,51.79,297,72.22,-0.438,55,73,68,74,70,285,0.669,-0.132,0.875,-0.074
Keith Mitchell,51.79,303.1,63.89,0.233,57.69,71,65,75,74,285,-0.003,0.553,-0.624,0.069
Bubba Watson,51.79,302.8,68.06,-0.648,43.48,72,71,70,73,286,0.63,1.178,-0.486,-0.062
Rickie Fowler,50,296.4,70.83,0.64,47.62,74,67,68,76,285,-0.409,-0.32,0.363,-0.452
Branden Grace,50,294.1,55.56,-0.396,50,73,70,72,77,292,-1.123,-0.23,-0.657,-0.236
Nick Taylor,48.21,281.4,80.56,0.046,57.14,73,69,69,67,278,1.935,-0.221,2.038,0.117
Brian Stuard,82.14,274.5,63.89,0.061,53.85,74,68,72,75,289,-0.185,0.877,-0.942,-0.12
Brendon Todd,78.57,272.4,66.67,1.094,58.33,74,69,71,71,285,-0.218,0.392,-0.956,0.346
Ryan Moore,76.79,279.4,65.28,0.757,60,75,69,71,70,285,0.119,0.757,-0.856,0.217
Adam Long,75,281.1,66.67,0.747,54.17,70,74,67,72,283,0.629,0.909,-0.046,-0.233
Abraham Ancer,73.21,294.1,68.06,-0.763,73.91,72,70,68,73,283,2.14,0.851,1.047,0.242
Matt Fitzpatrick,71.43,285.3,76.39,0.825,41.18,68,68,72,72,280,1.302,1.014,-0.248,0.536
Doug Ghim,69.64,281,79.17,-0.725,73.33,71,67,68,78,284,1.852,-0.151,1.199,0.804
Charles Howell III,69.64,300.8,76.39,-0.644,47.06,73,70,71,66,280,2.771,1.383,0.744,0.643
Sungjae Im,69.64,290,68.06,1.149,69.57,72,66,77,66,281,0.728,1.061,0.052,-0.386
Martin Laird,69.64,290.4,69.44,-1.246,40.91,73,71,76,73,293,0.122,0.411,-0.139,-0.15
K.H. Lee,69.64,298.4,72.22,-0.118,45,72,71,71,72,286,0.744,1.139,0.538,-0.933
Collin Morikawa,69.64,292.4,63.89,-0.52,46.15,71,73,76,66,286,1.147,0.918,0.772,-0.543
Corey Conners,67.86,288.8,70.83,0.887,61.9,68,72,72,66,278,1.739,0.529,1.253,-0.043
Lucas Glover,67.86,292.1,66.67,0.146,45.83,75,69,72,71,287,0.231,0.249,-0.41,0.391
Brian Harman,67.86,281.6,65.28,1.82,64,67,71,69,69,276,1.306,0.852,0.124,0.33
Kramer Hickok,67.86,284,63.89,1.198,53.85,74,68,72,75,289,-1.322,0.2,-1.262,-0.26
Denny McCarthy,67.86,286.6,61.11,1.086,57.14,69,69,75,75,288,-0.96,-0.293,0.097,-0.763
Christiaan Bezuidenhout,66.07,278.6,58.33,0.486,70,70,72,71,73,286,0.14,-0.038,-0.273,0.452
Adam Hadwin,66.07,291.4,66.67,0.662,58.33,74,69,71,70,284,0.464,0.084,-0.809,1.189
Billy Horschel,66.07,286.8,70.83,0.471,52.38,71,73,71,74,289,-0.594,0.376,-0.998,0.028
Victor Perez,66.07,299.6,73.61,0.614,47.37,73,71,69,67,280,1.513,0.587,0.411,0.515
Michael Thompson,66.07,277.5,69.44,0.642,50,71,73,72,71,287,-0.266,0.374,-0.333,-0.307
Daniel Berger,64.29,290.4,66.67,-0.18,58.33,74,68,71,67,280,2.307,0.652,0.866,0.788
Jason Day,64.29,294.9,68.06,-1.921,60.87,70,71,71,73,285,2.798,1.209,0.548,1.041
Chris Kirk,64.29,279.1,66.67,-1.108,54.17,72,65,71,79,287,1.484,0.258,0.551,0.676
Russell Knox,64.29,278,62.5,-0.372,48.15,71,73,72,76,292,-0.502,-0.79,0.386,-0.097
Phil Mickelson,64.29,286.8,72.22,-0.011,45,71,72,71,71,285,0.888,0.235,1.123,-0.47
J.T. Poston,64.29,290.8,63.89,1.121,65.38,76,68,69,70,283,0.255,0.492,-0.407,0.17
Jordan Spieth,64.29,288.1,77.78,-0.442,43.75,70,74,68,75,287,0.819,0.375,1.549,-1.104
Ryan Armour,62.5,281.6,66.67,0.587,45.83,74,68,71,75,288,-0.46,-0.184,-0.301,0.025
Patton Kizzire,62.5,292.5,70.83,0.171,47.62,70,69,72,74,285,0.705,-0.173,1.028,-0.15
Paul Casey,60.71,292.5,70.83,1.322,71.43,73,67,67,70,277,1.555,-0.142,1.106,0.591
James Hahn,60.71,293.9,73.61,0.095,57.89,76,67,74,69,286,0.531,-0.329,0.987,-0.126
Patrick Reed,60.71,286.1,68.06,0.925,52.17,70,72,70,71,283,0.452,0.227,-0.068,0.293
Rory Sabbatini,60.71,283.3,68.06,-1.069,43.48,69,75,74,74,292,0.195,-0.091,0.205,0.081
Justin Thomas,60.71,295.3,72.22,0.408,65,71,71,64,68,274,3.218,0.863,1.621,0.735
Will Zalatoris,60.71,306.8,75,0,44.44,70,71,70,71,282,1.626,0.559,1.154,-0.086
Tom Hoge,58.93,279.6,62.5,0.621,62.96,69,71,71,72,283,0.755,-0.341,1.04,0.057
Si Woo Kim,58.93,284.9,75,0.083,61.11,72,70,67,71,280,2.044,0.014,2.035,-0.005
Jason Kokrak,58.93,299.6,73.61,0.76,63.16,70,72,71,67,280,1.366,0.739,1.157,-0.53
Cameron Percy,58.93,279.6,72.22,0.468,55,73,70,73,68,284,0.659,0.44,0.163,0.056
Nick Taylor,58.93,289,66.67,-0.49,58.33,70,74,72,71,287,0.867,-0.286,1.204,-0.051
Jhonattan Vegas,58.93,291.1,61.11,0.054,57.14,73,71,72,74,290,-0.428,0.362,-0.524,-0.265
Tyler McCumber,57.14,302.8,68.06,0.242,65.22,72,69,72,70,283,1.134,1.06,0.322,-0.249
Louis Oosthuizen,57.14,290.3,69.44,0.591,59.09,73,69,74,70,286,0.035,-0.907,0.421,0.521
Ryan Palmer,57.14,288.8,70.83,0.994,76.19,70,72,68,71,281,0.882,0.531,0.494,-0.142
Keegan Bradley,55.36,294,65.28,0.579,60,70,72,73,69,284,0.547,-0.49,0.555,0.483
Harry Higgs,55.36,282,69.44,0.61,59.09,71,73,67,73,284,0.517,-0.038,0.665,-0.11
Dustin Johnson,55.36,303.3,62.5,1.04,55.56,73,70,73,71,287,-0.664,0.31,-0.977,0.004
Patrick Rodgers,55.36,304.4,59.72,0.667,55.17,74,70,73,74,291,-1.291,0.511,-1.518,-0.284
Brendan Steele,55.36,286.6,62.5,1.042,59.26,72,72,71,71,286,-0.416,0.036,-0.985,0.533
Scott Brown,53.57,288.4,61.11,1.084,57.14,71,70,72,77,290,-1.458,0.335,-0.743,-1.049
Bryson DeChambeau,53.57,302.8,69.44,0.944,68.18,69,69,67,71,276,2.182,0.458,1.285,0.439
Sergio Garcia,53.57,293.3,73.61,-0.095,73.68,65,72,71,72,280,2.222,-0.333,2.08,0.474
Zach Johnson,53.57,281.4,63.89,1.584,61.54,75,68,72,71,286,-0.958,0.06,-0.994,-0.023
Shane Lowry,53.57,291.3,73.61,0.513,73.68,68,74,69,68,279,1.863,0.175,0.747,0.942
Scott Piercy,53.57,284.9,65.28,-1.179,56,73,70,71,79,293,0.056,-0.867,0.351,0.572
Harold Varner III,53.57,304,75,-0.629,38.89,70,73,71,76,290,0.255,0.744,-0.3,-0.189
Scott Harrington,51.79,306.5,62.5,-0.246,66.67,72,71,77,70,290,-0.128,-0.164,-1.15,1.187
Nate Lashley,51.79,279.6,54.17,-0.021,54.55,74,69,75,76,294,-1.353,-1.171,-0.727,0.546
Lee Westwood,51.79,294.8,77.78,1.55,75,69,66,68,72,275,1.827,0.094,1.11,0.623
Jon Rahm,50,294.8,80.56,0.533,57.14,72,68,67,73,280,1.593,0.256,1.17,0.167
Aaron Wise,50,294,69.44,-0.47,54.55,73,71,72,75,291,-0.153,0.242,-0.726,0.33
Lanto Griffin,48.21,294.9,69.44,0.813,36.36,73,71,68,73,285,0.063,0.194,0.708,-0.839
Talor Gooch,46.43,295.8,66.67,1.012,62.5,71,68,71,67,277,1.864,-0.732,1.699,0.897
Joaquin Niemann,46.43,303.6,75,0.826,50,73,71,70,70,284,0.3,0.195,0.12,-0.015
Adam Scott,46.43,308.4,61.11,0.513,57.14,72,71,73,71,287,-0.136,-1.291,0.405,0.75
Dylan Frittelli,44.64,304.4,72.22,-0.783,55,71,68,76,68,283,2.16,-0.479,1.052,1.587
Matt Jones,44.64,300,62.5,0.422,55.56,73,71,70,74,288,-0.296,-0.624,-0.606,0.935
Cameron Smith,42.86,291,59.72,1.453,62.07,71,73,65,72,281,0.423,-0.591,0.115,0.9
Charley Hoffman,41.07,304.4,73.61,0.439,52.63,70,68,76,67,281,1.437,-0.354,1.82,-0.029
Cameron Smith,42.86,290.8,62.5,2.88,62.96,69,71,69,66,275,0.717,-1.293,1.665,0.345
Anirban Lahiri,67.86,282.8,69.44,1.413,68.18,67,73,67,69,276,1.934,0.871,1.048,0.014
Paul Casey,55.36,289.5,63.89,1.22,88.46,70,69,69,69,277,1.877,-0.269,1.766,0.38
Kevin Kisner,67.86,271.9,63.89,1.473,65.38,68,74,68,68,278,1.374,0.516,-0.635,1.493
Keegan Bradley,67.86,296.4,72.22,-0.265,70,72,71,68,68,279,2.862,1.385,1.16,0.318
Doug Ghim,78.57,272.4,76.39,0.336,58.82,70,70,68,72,280,2.011,0.948,0.909,0.154
Russell Knox,73.21,276.1,77.78,0.377,62.5,71,71,68,70,280,1.97,0.737,0.283,0.95
Harold Varner III,67.86,284.1,76.39,0.134,64.71,69,69,72,70,280,2.213,0.743,1.292,0.177
Viktor Hovland,78.57,295.8,79.17,-0.786,46.67,71,73,68,69,281,2.883,1.175,2.376,-0.668
Adam Hadwin,64.29,286.6,61.11,1.427,67.86,72,72,70,67,281,0.67,-0.266,1.047,-0.111
Sepp Straka,58.93,286.5,76.39,1.5,58.82,69,74,71,67,281,0.597,0.859,-0.279,0.018
Dustin Johnson,55.36,294.6,69.44,1.341,54.55,69,73,76,63,281,0.756,0.567,0.645,-0.456
Brendan Steele,76.79,295.3,69.44,-0.524,50,73,69,69,71,282,2.371,1.904,1.051,-0.584
Keith Mitchell,62.5,291,66.67,0.351,62.5,67,72,74,69,282,1.496,1.07,-0.289,0.715
Taylor Pendrith,62.5,301.4,72.22,0.619,60,68,71,74,69,282,1.228,0.938,0.122,0.168
Max Homa,60.71,294.5,69.44,-0.337,63.64,72,73,71,66,282,2.184,1.095,0.988,0.101
Russell Henley,57.14,278.9,66.67,0.581,54.17,69,73,72,68,282,1.266,-0.808,2.888,-0.814
Daniel Berger,55.36,279.6,58.33,1.333,76.67,67,75,70,70,282,0.514,0.105,-0.559,0.968
Erik van Rooyen,53.57,280.9,69.44,-0.941,45.45,71,67,74,70,282,2.788,-0.376,2.831,0.333
Tyrrell Hatton,51.79,292.8,62.5,2.109,59.26,70,73,69,70,282,-0.262,-0.309,0.248,-0.2
Shane Lowry,51.79,288,73.61,0.426,47.37,73,70,67,72,282,1.421,0.432,0.975,0.014
Kevin Streelman,82.14,278.3,69.44,0.835,63.64,73,71,66,73,283,0.762,0.433,0.928,-0.6
Tommy Fleetwood,67.86,294.5,69.44,-0.398,54.55,66,73,72,72,283,1.995,0.813,0.57,0.612
Patton Kizzire,51.79,289.1,65.28,1.953,56,68,76,72,67,283,-0.356,-1.031,0.311,0.364
Joaquin Niemann,51.79,299.8,69.44,-0.301,59.09,67,73,73,70,283,1.898,0.794,0.517,0.587
Sergio Garcia,69.64,291.8,72.22,0.742,60,71,71,71,71,284,0.605,0.967,-0.294,-0.068
Doc Redman,62.5,282,69.44,0.168,50,71,70,72,71,284,1.179,0.854,0.82,-0.494
Corey Conners,58.93,280,70.83,0.188,76.19,70,69,75,70,284,1.159,0.415,0.497,0.247
Will Zalatoris,57.14,293.1,73.61,-0.391,52.63,69,71,70,74,284,1.738,1.112,0.735,-0.109
Patrick Reed,55.36,278.3,62.5,2.246,55.56,73,70,68,73,284,-0.9,-1.433,0.417,0.116
Alex Noren,50,283.1,66.67,-0.151,66.67,69,75,71,69,284,1.498,0.163,1.258,0.077
Sam Burns,46.43,293.5,63.89,1.101,65.38,68,69,71,76,284,0.246,0.046,0.205,-0.005
Tom Hoge,71.43,280.3,75,-1.309,66.67,66,71,72,76,285,2.406,0.824,0.689,0.894
Ian Poulter,69.64,273.1,63.89,0.098,65.38,73,70,71,71,285,0.999,-0.298,0.598,0.7
Joel Dahmen,67.86,275.9,63.89,1.205,50,70,71,71,73,285,-0.109,-0.006,0.234,-0.336
Rory McIlroy,66.07,293.6,65.28,-1.121,64,73,73,73,66,285,2.218,0.77,0.694,0.753
Pat Perez,66.07,272.6,63.89,1.437,57.69,70,72,75,68,285,-0.34,-0.407,0.179,-0.112
Abraham Ancer,62.5,274.5,65.28,0.156,60,68,71,74,72,285,0.941,0.2,0.704,0.037
Justin Thomas,62.5,285.9,69.44,-0.151,63.64,72,69,72,72,285,1.248,0.548,0.593,0.107
Louis Oosthuizen,78.57,282.5,59.72,-0.014,58.62,69,72,69,76,286,0.861,1.173,-0.388,0.076
Kramer Hickok,67.86,273.8,69.44,-0.355,63.64,67,75,71,73,286,1.202,0.534,0.891,-0.222
Francesco Molinari,60.71,279.4,66.67,-0.234,45.83,70,73,69,74,286,1.081,0.025,0.567,0.489
Scott Stallings,60.71,290.4,62.5,0.478,62.96,71,75,65,75,286,0.369,-0.208,-0.048,0.624
Adam Long,73.21,274.8,63.89,0.374,65.38,71,71,75,70,287,0.223,0.675,-0.603,0.151
Maverick McNealy,58.93,283.6,69.44,0.043,50,70,76,70,71,287,0.554,0.403,0.948,-0.797
Peter Malnati,57.14,285.9,66.67,0.787,66.67,70,75,72,70,287,-0.19,-0.859,0.877,-0.208
Troy Merritt,55.36,279.6,63.89,1.151,57.69,74,71,71,71,287,-0.554,-0.478,-0.149,0.073
Brice Garnett,60.71,278.6,61.11,-0.258,60.71,67,76,74,71,288,0.605,-0.386,0.662,0.329
Dylan Frittelli,57.14,284,69.44,-0.556,63.64,73,72,73,70,288,0.903,-0.032,1.058,-0.123
Aaron Wise,55.36,298.9,80.56,-1.256,35.71,71,74,74,69,288,1.603,0.429,1.367,-0.193
Jason Kokrak,60.71,297.3,55.56,0.299,65.63,72,72,71,74,289,-0.202,-0.578,0.26,0.116
Branden Grace,53.57,276.9,59.72,0.009,62.07,71,72,73,73,289,0.088,0.115,-1.453,1.426
Jon Rahm,71.43,292.4,72.22,-0.247,45,69,72,72,77,290,0.094,1.806,-1.656,-0.056
Jimmy Walker,60.71,282.1,72.22,-1.239,55,70,73,71,76,290,1.086,0.247,0.339,0.499
Sungjae Im,51.79,278.9,59.72,0.098,55.17,72,72,70,76,290,-0.251,-0.327,-0.427,0.503
K.H. Lee,51.79,279.3,69.44,0.164,50,70,73,76,71,290,-0.318,-0.364,-0.305,0.352
Scottie Scheffler,50,293.1,59.72,0.433,48.28,70,76,68,76,290,-0.586,0.25,-0.953,0.117
Michael Thompson,71.43,272.6,58.33,0.934,60,72,73,74,72,291,-1.337,-0.154,-0.874,-0.309
Denny McCarthy,55.36,274.1,61.11,0.112,53.57,70,76,73,72,291,-0.516,-0.631,0.018,0.097
Sam Ryder,53.57,277.5,59.72,0.707,55.17,69,74,73,75,291,-1.11,-0.692,-0.808,0.39
Brian Harman,69.64,274,65.28,-0.348,40,68,74,75,75,292,-0.305,0.53,-0.759,-0.076
Hank Lebioda,53.57,270.1,65.28,-0.597,56,72,70,72,78,292,-0.056,-0.996,1.252,-0.312
Chesson Hadley,46.43,290,54.17,2.277,57.58,70,74,71,77,292,-2.93,-1.55,-1.186,-0.193
Hayden Buckley,75,282.4,72.22,-1.471,45,72,71,76,74,293,0.568,1.483,-0.021,-0.894
Nick Watney,57.14,286.9,66.67,-0.435,58.33,75,71,75,72,293,-0.468,-0.421,0.805,-0.852
Bubba Watson,60.71,272.5,62.5,0.149,40.74,73,68,78,76,295,-1.552,0.495,-1.608,-0.439
Lucas Herbert,44.64,299,54.17,0.306,54.55,70,74,75,76,295,-1.709,-0.95,-0.556,-0.202
Lee Hodges,71.43,278.3,58.33,-1.701,60,72,74,75,76,297,-0.202,0.212,-0.69,0.276
Scottie Scheffler,67.86,305.9,75,0.027,72.22,68,69,65,69,271,4.292,1.159,1.882,1.25
Tyrrell Hatton,55.36,288.1,70.83,0.969,61.9,72,71,68,65,276,2.1,0.546,2.068,-0.514
Viktor Hovland,64.29,289.1,68.06,0.423,65.22,69,71,70,68,278,2.145,0.492,1.82,-0.167
Tom Hoge,73.21,291,66.67,-0.364,58.33,78,68,62,70,278,2.933,0.44,2.21,0.283
Hideki Matsuyama,67.86,288.5,62.5,0.354,62.96,74,70,67,68,279,1.964,0.834,0.713,0.418
Max Homa,64.29,287.8,68.06,0.106,65.22,72,72,67,69,280,1.962,0.39,1.176,0.396
Justin Suh,55.36,286.5,54.17,0.309,66.67,68,73,69,70,280,1.759,0.182,0.355,1.223
Justin Rose,73.21,290.3,69.44,-0.151,63.64,69,73,67,71,280,2.22,0.711,1.052,0.457
Sungjae Im,73.21,284,63.89,0.306,57.69,75,69,64,72,280,1.762,1.246,0.53,-0.014
David Lingmerth,73.21,274.4,62.5,1.274,66.67,72,68,68,72,280,0.795,0.141,1.599,-0.945
Cam Davis,48.21,301.4,58.33,1.13,70,69,70,67,74,280,0.939,0.185,-0.214,0.968
Min Woo Lee,66.07,296.6,65.28,1.936,56,68,70,66,76,280,0.132,1.116,-1.471,0.487
Rickie Fowler,55.36,287.3,66.67,0.911,50,72,70,68,71,281,0.908,0.582,0.652,-0.326
Adam Hadwin,67.86,290.6,69.44,-0.548,63.64,71,70,69,71,281,2.366,1.259,0.45,0.657
Collin Morikawa,67.86,286.4,70.83,-0.642,61.9,65,73,72,71,281,2.46,0.062,2.321,0.078
Adam Svensson,67.86,276.3,56.94,0.238,70.97,68,67,75,71,281,1.58,0.587,0.625,0.368
Denny McCarthy,73.21,284.4,65.28,0.484,64,68,72,69,72,281,1.335,0.906,0.043,0.386
Christiaan Bezuidenhout,62.5,274.9,62.5,0.983,74.07,68,70,69,74,281,0.836,-0.136,0.84,0.132
Xander Schauffele,51.79,293.4,61.11,0.777,50,72,73,69,68,282,0.791,-0.864,0.532,1.124
Russell Henley,75,287.9,68.06,-0.208,47.83,72,74,66,70,282,1.777,0.945,0.164,0.668
Tony Finau,62.5,291.5,68.06,0.598,47.83,73,72,66,71,282,0.971,-0.02,1.056,-0.065
Brandon Wu,50,288.3,55.56,1.752,53.13,73,69,69,71,282,-0.183,-0.078,-0.237,0.132
Jordan Spieth,57.14,291.8,65.28,0.201,60,69,75,66,72,282,1.367,-0.108,1.129,0.346
Patrick Cantlay,69.64,297.6,65.28,0.076,52,72,70,68,72,282,1.492,1.475,1.079,-1.062
Jason Day,46.43,292.5,65.28,-0.074,68,70,70,70,72,282,1.643,-0.671,0.722,1.592
Aaron Rai,69.64,289.5,73.61,0.014,63.16,73,69,65,75,282,1.555,0.845,0.694,0.015
Eric Cole,64.29,291,56.94,0.509,58.06,73,73,69,68,283,0.809,0.73,0.202,-0.123
Danny Willett,55.36,289.1,61.11,0.168,75,72,71,71,69,283,1.151,0.172,0.604,0.374
Brendon Todd,67.86,276.4,59.72,0.353,58.62,71,69,74,69,283,0.965,0.427,0.303,0.235
Ryan Fox,55.36,294.8,65.28,1.021,60,74,68,70,71,283,0.297,0.594,0.05,-0.348
Si Woo Kim,64.29,277.8,65.28,-0.713,48,69,74,68,72,283,2.032,0.458,1.775,-0.201
Wyndham Clark,62.5,301.1,56.94,0.127,70.97,69,73,69,72,283,1.191,1.23,-0.057,0.018
Tommy Fleetwood,55.36,282.6,62.5,0.025,62.96,72,70,65,76,283,1.294,-0.13,1.232,0.192
Chad Ramey,71.43,281.9,52.78,2.816,70.59,64,75,68,76,283,-1.497,0.337,-2.374,0.539
Keith Mitchell,50,300.9,56.94,1.249,51.61,72,74,68,70,284,-0.181,-0.414,0.026,0.208
Shane Lowry,58.93,298.6,62.5,-1.059,48.15,77,69,68,70,284,2.128,0.43,1.605,0.092
Austin Smotherman,64.29,285.8,59.72,-0.153,51.72,73,72,69,70,284,1.221,0.122,0.766,0.333
Sam Burns,66.07,293.8,61.11,0.754,57.14,68,74,72,70,284,0.315,0.317,-0.245,0.242
Mark Hubbard,66.07,280.6,63.89,0.329,65.38,71,72,70,71,284,0.739,-0.002,0.28,0.461
Byeong Hun An,41.07,295.9,51.39,0.341,71.43,71,70,70,73,284,0.727,-0.51,0.198,1.039
Taylor Moore,58.93,289,59.72,0.401,58.62,70,75,65,74,284,0.668,0.303,0.953,-0.588
Dylan Wu,71.43,287.4,63.89,0.254,53.85,69,73,68,74,284,0.814,0.814,0.198,-0.198
Ben Griffin,42.86,291.8,61.11,0.137,71.43,67,71,72,74,284,0.931,-0.778,0.271,1.438
Chesson Hadley,71.43,290.9,66.67,-0.21,66.67,71,73,72,69,285,1.028,0.5,0.526,0.003
Stephan Jaeger,58.93,290.5,68.06,-0.205,69.57,74,72,69,70,285,1.023,0.086,0.571,0.366
Sam Ryder,67.86,282.5,54.17,1.143,63.64,73,72,69,71,285,-0.325,0.713,-1.295,0.257
Brian Harman,73.21,281.8,61.11,0.464,64.29,73,71,70,71,285,0.355,1.121,-0.657,-0.109
Kramer Hickok,71.43,291.6,62.5,1.526,59.26,73,70,69,73,285,-0.707,0.574,-1.107,-0.174
Garrick Higgo,58.93,299,68.06,-0.491,52.17,70,73,68,74,285,1.309,0.314,0.494,0.502
Taylor Montgomery,50,282.5,52.78,2.069,64.71,70,73,66,76,285,-1.25,0.234,-1.058,-0.426
Tom Kim,80.36,288.5,63.89,-0.083,65.38,74,72,71,69,286,0.652,1.064,-0.09,-0.322
Lucas Glover,69.64,278.8,59.72,0.22,65.52,69,74,71,72,286,0.349,-0.027,-0.952,1.328
Cameron Young,51.79,299.4,59.72,0.046,58.62,71,73,68,74,286,0.522,0.43,0.323,-0.231
Ben Martin,62.5,281.8,59.72,0.035,62.07,71,74,72,70,287,0.284,0.511,-0.033,-0.194
Matthias Schwab,62.5,288.8,48.61,0.187,75.68,75,70,72,70,287,0.131,0.045,-0.114,0.2
Jerry Kelly,83.93,259.1,63.89,0.793,65.38,74,72,69,72,287,-0.475,-0.042,-0.018,-0.414
Gary Woodland,67.86,295.9,73.61,-1.743,47.37,72,70,71,74,287,2.061,0.854,0.996,0.211
Will Gordon,58.93,296.5,70.83,0.433,52.38,73,67,73,74,287,-0.114,-0.201,1.071,-0.984
Tyler Duncan,75,283.9,70.83,-0.648,47.62,73,69,70,75,287,0.967,1.017,0.609,-0.659
Justin Thomas,64.29,292.8,56.94,-1.237,64.52,73,73,71,71,288,1.305,0.404,0.889,0.012
Joel Dahmen,57.14,282.8,62.5,-0.001,40.74,73,71,73,71,288,0.07,-0.54,0.28,0.33
Maverick McNealy,57.14,286.3,58.33,1.797,63.33,74,71,70,73,288,-1.729,-1.259,-0.619,0.15
Nate Lashley,53.57,273.4,66.67,0.606,62.5,69,71,73,75,288,-0.538,-0.584,-0.409,0.455
Francesco Molinari,53.57,283.3,68.06,-0.241,65.22,73,71,68,76,288,0.31,-0.299,1.012,-0.403
Sepp Straka,62.5,288.1,66.67,-0.131,45.83,74,72,74,69,289,-0.051,-0.275,0.513,-0.288
Patton Kizzire,48.21,287.1,59.72,1.08,37.93,74,71,74,70,289,-1.261,-1.166,0.684,-0.779
Alex Smalley,64.29,296,58.33,-0.634,63.33,71,75,69,74,289,0.453,1.094,-0.703,0.062
Davis Thompson,55.36,302.9,51.39,1.143,60,70,73,69,79,291,-1.824,0.414,-2.276,0.038
Scott Stallings,57.14,295.9,50,0.839,61.11,71,74,72,75,292,-1.771,-1.084,-0.942,0.256
Taylor Pendrith,62.5,294,58.33,-0.828,50,67,73,72,80,292,-0.104,0.556,-0.829,0.17
Adam Scott,50,297,50,0.29,66.67,72,73,77,71,293,-1.472,0.211,-1.564,-0.118
Aaron Baddeley,55.36,269.5,52.78,-0.501,55.88,73,72,74,76,295,-1.18,-0.533,-0.769,0.122
Will Zalatoris,48.21,293,61.11,-1.691,50,74,71,74,77,296,-0.241,-0.513,0.349,-0.077
Sahith Theegala,60.71,295.4,51.39,-1.151,51.43,70,75,78,75,298,-1.281,0.146,-1.332,-0.094
Kevin Kisner,48.21,273.9,55.56,-0.255,50,72,73,73,81,299,-2.427,-1.916,-0.742,0.232
